{"topics": {"0": {"score": 0.014491076019716135, "word_score": {"word": ["avi\u00f3n", "millones", "dos_mil", "dinero", "a\u00f1o"], "score": [0.041452747670659824, 0.021106674272675412, 0.013310515307092603, 0.013025289979083476, 0.01226468910439247]}}, "1": {"score": 0.02067010572512196, "word_score": {"word": ["estados_unidos", "tratado", "canad\u00e1", "unidos", "presidente_trump"], "score": [0.046599703606125475, 0.025769800757451014, 0.015231351885394368, 0.012843734562819035, 0.011691091717437839]}}, "2": {"score": 0.01868238605754906, "word_score": {"word": ["fiscal\u00eda", "investigaci\u00f3n", "estados_unidos", "justicia", "expediente"], "score": [0.019279952783789103, 0.018624172076857497, 0.012066365007541479, 0.011672896583382516, 0.010164600957439832]}}, "3": {"score": 0.014458943547894525, "word_score": {"word": ["trabajadores", "empresarios", "fin", "empresas", "salario"], "score": [0.029160792461230243, 0.020034132225272686, 0.013801291088521184, 0.013133486681012095, 0.011575276396824218]}}, "4": {"score": 0.032431150831246175, "word_score": {"word": ["poder_judicial", "ley", "derecho", "justicia", "constituci\u00f3n"], "score": [0.024833533457046173, 0.01790197576683768, 0.013371902630717171, 0.010370046938107193, 0.00895098788341884]}}, "5": {"score": 0.018180330579836493, "word_score": {"word": ["fideicomisos", "grupo", "quieren", "reforma", "cumplido"], "score": [0.010171892100688857, 0.010043133972832035, 0.008819931758192236, 0.007918624863194489, 0.007146076096053563]}}, "6": {"score": 0.018306871506354933, "word_score": {"word": ["democracia", "partido", "elecci\u00f3n", "fraude", "partidos"], "score": [0.02664668708059157, 0.018437683236692943, 0.013551371424848524, 0.01316046647990097, 0.012248354941690012]}}, "7": {"score": 0.030387553408509353, "word_score": {"word": ["estados_unidos", "migrantes", "unidos", "gobierno_estados", "secretario_relaciones"], "score": [0.027221995372260787, 0.020892881448210155, 0.02048455151762624, 0.01626514223492582, 0.01279433782496257]}}, "8": {"score": 0.023133498347367082, "word_score": {"word": ["humanos", "violencia", "derechos_humanos", "casos", "nunca"], "score": [0.02030625832223702, 0.019174434087882823, 0.010252996005326231, 0.009254327563249001, 0.008921438082556592]}}, "9": {"score": 0.0288091059272523, "word_score": {"word": ["mil", "pandemia", "cr\u00e9ditos", "ciento", "millones"], "score": [0.036937936435423875, 0.015858513345950533, 0.015010115512628075, 0.012595444756248776, 0.010833387717809829]}}, "10": {"score": 0.024192809409772854, "word_score": {"word": ["planta", "fiscal\u00eda", "consulta", "dinero", "expresidentes"], "score": [0.021457965902410347, 0.018518518518518517, 0.016534391534391533, 0.014917695473251029, 0.009553203997648443]}}, "11": {"score": 0.027763389956686618, "word_score": {"word": ["programa", "mil", "adultos_mayores", "presupuesto", "bienestar"], "score": [0.021311980289498, 0.019895287958115182, 0.014598090545118571, 0.01268863566368956, 0.010163227594702803]}}, "12": {"score": 0.012975622803635602, "word_score": {"word": ["sonora", "chihuahua", "san_luis", "nacional", "ambiente"], "score": [0.02987766624843162, 0.01772271016311167, 0.010116060225846926, 0.010116060225846926, 0.009096612296110414]}}, "13": {"score": 0.024958773238498627, "word_score": {"word": ["transformaci\u00f3n", "mujeres", "conservadores", "violencia", "cambio"], "score": [0.020482135665381738, 0.018698578908002993, 0.01714515850641505, 0.010701340544272481, 0.01064380645532478]}}, "14": {"score": 0.03408801341765619, "word_score": {"word": ["guardia_nacional", "seguridad", "nacional", "homicidios", "elementos"], "score": [0.027661456797404897, 0.018106753170156295, 0.015806546741374227, 0.015806546741374227, 0.015452668829253908]}}, "15": {"score": 0.01584722270420566, "word_score": {"word": ["apoyo", "recursos", "dinero", "manera_directa", "organizaciones"], "score": [0.024581169068695587, 0.015802180115590023, 0.014777964737727705, 0.011046894432657838, 0.009656887848416123]}}, "16": {"score": 0.021663208929093104, "word_score": {"word": ["crecimiento", "econom\u00eda", "desarrollo", "bienestar", "inversi\u00f3n"], "score": [0.023575284943011397, 0.021055788842231554, 0.013857228554289142, 0.011097780443911218, 0.010437912417516496]}}, "17": {"score": 0.015111160346009695, "word_score": {"word": ["agua", "tabasco", "presa", "apoyo", "debe"], "score": [0.053015427769985975, 0.017391304347826087, 0.009817671809256662, 0.0077606358111266946, 0.0071996259934548855]}}, "18": {"score": 0.022867256204312753, "word_score": {"word": ["presupuesto", "a\u00f1o", "mil_millones", "deuda", "impuestos"], "score": [0.03790035587188612, 0.02265717674970344, 0.02218268090154211, 0.0201067615658363, 0.009845788849347567]}}, "19": {"score": 0.011386434383125284, "word_score": {"word": ["derecho", "reforma", "pueblos", "historia", "todas"], "score": [0.01211497347375089, 0.009660305645736004, 0.00910602581360361, 0.008868477314118299, 0.008472563148309447]}}, "20": {"score": 0.018221760711047277, "word_score": {"word": ["maestros", "educaci\u00f3n", "reforma_educativa", "escuela", "maestro"], "score": [0.04121814334345386, 0.025945349158156224, 0.01389272242156592, 0.012972674579078112, 0.01278866501058055]}}, "21": {"score": 0.04298615703151466, "word_score": {"word": ["pandemia", "salud", "hospitales", "mil", "m\u00e9dicos"], "score": [0.027581856757841618, 0.016170651986925855, 0.01290211594701531, 0.011583232983542635, 0.011468547508458054]}}, "22": {"score": 0.016018829785613677, "word_score": {"word": ["dinero", "bienes", "casa", "recursos", "b\u00e9isbol"], "score": [0.02892129219366793, 0.016031579795375814, 0.01595101909288649, 0.009667284298719084, 0.009103359381293806]}}, "23": {"score": 0.02426994029066777, "word_score": {"word": ["comisi\u00f3n_federal", "electricidad", "gas", "energ\u00eda_el\u00e9ctrica", "empresas"], "score": [0.03977891950801806, 0.03588665732523743, 0.025221858944418495, 0.01798225128444652, 0.015257667756500079]}}, "24": {"score": 0.02576837537098661, "word_score": {"word": ["investigaci\u00f3n", "fiscal\u00eda_general", "pol\u00edtica", "casos", "dar_conocer"], "score": [0.011919764755303508, 0.011657214870825458, 0.00945179584120983, 0.008769166141566897, 0.008716656164671287]}}, "25": {"score": 0.01888269034564074, "word_score": {"word": ["vacuna", "vacunas", "adultos_mayores", "mil", "vacunar"], "score": [0.04052403686021983, 0.029532585766625957, 0.017652936604862883, 0.014655268124791829, 0.012989896746974575]}}, "26": {"score": 0.02644832679589142, "word_score": {"word": ["corrupci\u00f3n", "periodo_neoliberal", "arriba", "imag\u00ednense", "acabar_corrupci\u00f3n"], "score": [0.07706236352985035, 0.014379293816903659, 0.01374021409170794, 0.009160142727805293, 0.007562443414815999]}}, "27": {"score": 0.0251420016968769, "word_score": {"word": ["pemex", "petr\u00f3leo", "producci\u00f3n", "tres", "contratos"], "score": [0.0472557745285018, 0.02634738998375362, 0.016811471356925903, 0.010878010878010878, 0.010524828706646889]}}, "28": {"score": 0.018144086133090938, "word_score": {"word": ["veracruz", "oaxaca", "programa", "campo", "apoyo"], "score": [0.01734917161613004, 0.015317286652078774, 0.014223194748358862, 0.013754298218193186, 0.01000312597686777]}}, "29": {"score": 0.02481346089419047, "word_score": {"word": ["salud", "medicamentos", "hospitales", "hospital", "atenci\u00f3n_m\u00e9dica"], "score": [0.03820395738203958, 0.029299847792998476, 0.023515981735159817, 0.01628614916286149, 0.015601217656012176]}}, "30": {"score": 0.015061848052694378, "word_score": {"word": ["llevar_cabo", "familiares", "dar", "aunque", "hecho"], "score": [0.011615375404143216, 0.007843372051251346, 0.0076637528439707815, 0.007424260567596695, 0.006825529876661477]}}, "31": {"score": 0.020732941374344116, "word_score": {"word": ["historia", "revoluci\u00f3n", "porfirio_d\u00edaz", "madero", "constituci\u00f3n"],